{
    "TestScenario.Offline": {
        "accuracy": 75.874,
        "count": 1563,
        "good_items": 37937,
        "mean": 0.31403079493565966,
        "percentiles": {
            "50.0": 0.3425476551055908,
            "80.0": 0.345119047164917,
            "90.0": 0.34717197418212886,
            "95.0": 0.34884488582611084,
            "99.0": 0.35182871818542477,
            "99.9": 0.3560059680938721
        },
        "qps": 980.349360851777,
        "took": 1.594329595565796,
        "total_items": 50000
    },
    "cmdline": "Namespace(accuracy=True, backend='hailo', cache=0, config='../mlperf.conf', count=50000, data_format=None, dataset='imagenet', dataset_list='mlperf.dat', dataset_path='imagenet_val', find_peak_performance=False, inputs=None, max_batchsize=32, max_latency=None, model='resnet50', model_name='resnet50', output='output', outputs=None, profile='hailo', qps=None, samples_per_query=None, scenario='Offline', threads=1, time=None)",
    "runtime": "hailo",
    "time": 1572365730,
    "version": "2.4.1"
}