{
    "TestScenario.SingleStream": {
        "count": 50000,
        "good_items": 0,
        "mean": 0.01120362170186,
        "percentiles": {
            "50.0": 0.011155430000000001,
            "80.0": 0.0114890292,
            "90.0": 0.0117191328,
            "95.0": 0.011870950500000001,
            "99.0": 0.012227040270000001,
            "99.9": 0.013049153646000025
        },
        "qps": 89.14240089120638,
        "took": 560.9003067016602,
        "total_items": 50000
    },
    "cmdline": "Namespace(accuracy=False, backend='hailo', cache=0, config='../mlperf.conf', count=50000, data_format=None, dataset='imagenet', dataset_list='mlperf.dat', dataset_path='imagenet_val/', find_peak_performance=False, inputs=None, max_batchsize=32, max_latency=None, model='resnet50', model_name='resnet50', output='rs_p1', outputs=None, profile='hailo', qps=None, samples_per_query=None, scenario='SingleStream', threads=1, time=None)",
    "runtime": "hailo",
    "time": 1572614743,
    "version": "2.4.1"
}