{
    "TestScenario.SingleStream": {
        "accuracy": 59.498,
        "count": 50000,
        "good_items": 29749,
        "mean": 0.011610302133560181,
        "percentiles": {
            "50.0": 0.011507630348205566,
            "80.0": 0.012113094329833984,
            "90.0": 0.012342691421508789,
            "95.0": 0.012597799301147461,
            "99.0": 0.013283519744873053,
            "99.9": 0.014669906854629561
        },
        "qps": 5000.662653041496,
        "took": 9.998674869537354,
        "total_items": 50000
    },
    "cmdline": "Namespace(accuracy=True, backend='hailo', cache=0, config='../mlperf.conf', count=50000, data_format=None, dataset='imagenet', dataset_list='mlperf.dat', dataset_path='imagenet_03/', find_peak_performance=False, inputs=None, max_batchsize=32, max_latency=None, model='resnet50', model_name='resnet50', output='rs_a3', outputs=None, profile='hailo', qps=None, samples_per_query=None, scenario='SingleStream', threads=1, time=None)",
    "runtime": "hailo",
    "time": 1572449724,
    "version": "2.4.1"
}