{
    "TestScenario.Offline": {
        "accuracy": 59.498,
        "count": 1563,
        "good_items": 29749,
        "mean": 0.31508805335368856,
        "percentiles": {
            "50.0": 0.3430664539337158,
            "80.0": 0.3459822177886963,
            "90.0": 0.34879980087280277,
            "95.0": 0.3506853818893433,
            "99.0": 0.3547261476516723,
            "99.9": 0.3606183876991273
        },
        "qps": 978.6138736120611,
        "took": 1.5971570014953613,
        "total_items": 50000
    },
    "cmdline": "Namespace(accuracy=True, backend='hailo', cache=0, config='../mlperf.conf', count=50000, data_format=None, dataset='imagenet', dataset_list='mlperf.dat', dataset_path='imagenet_03/', find_peak_performance=False, inputs=None, max_batchsize=32, max_latency=None, model='resnet50', model_name='resnet50', output='ro_a3', outputs=None, profile='hailo', qps=None, samples_per_query=None, scenario='Offline', threads=1, time=None)",
    "runtime": "hailo",
    "time": 1572448754,
    "version": "2.4.1"
}