{
    "TestScenario.Offline": {
        "accuracy": 70.95,
        "count": 1563,
        "good_items": 35475,
        "mean": 0.26348901725471285,
        "percentiles": {
            "50.0": 0.28749513626098633,
            "80.0": 0.2900895118713379,
            "90.0": 0.29105410575866697,
            "95.0": 0.29344997406005857,
            "99.0": 0.2972714853286743,
            "99.9": 0.299313325881958
        },
        "qps": 1184.5573907165513,
        "took": 1.3194801807403564,
        "total_items": 50000
    },
    "cmdline": "Namespace(accuracy=True, backend='hailo', cache=0, config='../mlperf.conf', count=50000, data_format=None, dataset='imagenet_mobilenet', dataset_list='mlperf.dat', dataset_path='imagenet_val/', find_peak_performance=False, inputs=None, max_batchsize=32, max_latency=None, model='mobilenet', model_name='mobilenet', output='mo_a1', outputs=None, profile='hailo', qps=None, samples_per_query=None, scenario='Offline', threads=1, time=None)",
    "runtime": "hailo",
    "time": 1572613921,
    "version": "2.4.1"
}